<?xml version="1.0" encoding="utf-8"?>
<LinearLayout xmlns:android="http://schemas.android.com/apk/res/android"
    xmlns:app="http://schemas.android.com/apk/res-auto"
    android:layout_width="match_parent"
    android:layout_height="match_parent"
    android:orientation="vertical">

    <LinearLayout
        android:layout_width="match_parent"
        android:layout_height="0dp"
        android:layout_weight="9"
        android:orientation="vertical">

        <LinearLayout
            android:id="@+id/hospital_jiuzhenCardBtn"
            android:layout_width="match_parent"
            android:layout_height="260dp"
            android:layout_marginTop="10dp"
            android:background="@drawable/shape"
            android:orientation="vertical"
            android:paddingLeft="10dp">

            <LinearLayout
                android:layout_width="match_parent"
                android:layout_height="wrap_content"
                android:layout_marginTop="10dp">

                <TextView
                    android:layout_width="wrap_content"
                    android:layout_height="wrap_content"
                    android:text="姓名:"
                    android:textSize="20sp" />

                <TextView
                    android:id="@+id/hospital_jiuzhenCard_name"
                    android:layout_width="match_parent"
                    android:layout_height="wrap_content"
                    android:textSize="20sp" />
            </LinearLayout>

            <LinearLayout
                android:layout_width="match_parent"
                android:layout_height="wrap_content"
                android:layout_marginTop="10dp">

                <TextView
                    android:layout_width="wrap_content"
                    android:layout_height="wrap_content"
                    android:text="性别:"
                    android:textSize="20sp" />

                <TextView
                    android:id="@+id/hospital_jiuzhenCard_sex"
                    android:layout_width="match_parent"
                    android:layout_height="wrap_content"
                    android:textSize="20sp" />
            </LinearLayout>

            <LinearLayout
                android:layout_width="match_parent"
                android:layout_height="wrap_content"
                android:layout_marginTop="10dp">

                <TextView
                    android:layout_width="wrap_content"
                    android:layout_height="wrap_content"
                    android:text="联系方式:"
                    android:textSize="20sp" />

                <TextView
                    android:id="@+id/hospital_jiuzhenCard_phone"
                    android:layout_width="match_parent"
                    android:layout_height="wrap_content"
                    android:textSize="20sp" />
            </LinearLayout>


            <LinearLayout
                android:layout_width="match_parent"
                android:layout_height="wrap_content"
                android:layout_marginTop="10dp">

                <TextView
                    android:layout_width="wrap_content"
                    android:layout_height="wrap_content"
                    android:text="身份证号:"
                    android:textSize="20sp" />

                <TextView
                    android:id="@+id/hospital_jiuzhenCard_idCard"
                    android:layout_width="match_parent"
                    android:layout_height="wrap_content"
                    android:textSize="20sp" />
            </LinearLayout>

            <LinearLayout
                android:layout_width="match_parent"
                android:layout_height="wrap_content"
                android:layout_marginTop="10dp">

                <TextView
                    android:layout_width="wrap_content"
                    android:layout_height="wrap_content"
                    android:text="出生日期:"
                    android:textSize="20sp" />

                <TextView
                    android:id="@+id/hospital_jiuzhenCard_birthday"
                    android:layout_width="match_parent"
                    android:layout_height="wrap_content"
                    android:textSize="20sp" />
            </LinearLayout>

            <LinearLayout
                android:layout_width="match_parent"
                android:layout_height="wrap_content"
                android:layout_marginTop="10dp">

                <TextView
                    android:layout_width="wrap_content"
                    android:layout_height="wrap_content"
                    android:text="地址:"
                    android:textSize="20sp" />

                <TextView
                    android:id="@+id/hospital_jiuzhenCard_address"
                    android:layout_width="match_parent"
                    android:layout_height="wrap_content"
                    android:textSize="20sp" />
            </LinearLayout>

            <ImageView
                android:id="@+id/hospital_jiuzhenCard_department"
                android:layout_width="40dp"
                android:layout_height="40dp"
                android:src="@drawable/ic_baseline_sync_alt_24"
                android:layout_gravity="right"/>
        </LinearLayout>
    </LinearLayout>


    <Button
        android:id="@+id/hospital_jiuzhenCard_btn"
        android:layout_width="match_parent"
        android:layout_height="0dp"
        android:layout_gravity="bottom"
        android:layout_weight="1"
        android:text="+"
        android:textSize="30sp" />

</LinearLayout>