<?xml version="1.0" encoding="utf-8"?>
<LinearLayout xmlns:android="http://schemas.android.com/apk/res/android"
    xmlns:app="http://schemas.android.com/apk/res-auto"
    android:layout_width="match_parent"
    android:layout_height="match_parent"
    android:orientation="vertical">

    <ImageView
        android:id="@+id/park_detail_img"
        android:layout_width="match_parent"
        android:layout_height="150dp" />

    <TextView
        android:id="@+id/park_detail_text1"
        android:layout_width="wrap_content"
        android:layout_height="wrap_content"
        android:paddingLeft="10dp"
        android:text="停车场"
        android:textSize="30sp" />

    <LinearLayout
        android:layout_width="match_parent"
        android:layout_height="match_parent"
        android:orientation="vertical"
        android:padding="15dp">

        <LinearLayout
            android:layout_width="match_parent"
            android:layout_height="wrap_content">

            <TextView
                android:layout_width="wrap_content"
                android:layout_height="wrap_content"
                android:text="空位数量:"
                android:textSize="20sp" />

            <TextView
                android:id="@+id/park_detail_text2"
                android:layout_width="wrap_content"
                android:layout_height="wrap_content"
                android:text="test"
                android:textSize="20sp" />
        </LinearLayout>

        <LinearLayout
            android:layout_width="match_parent"
            android:layout_height="wrap_content"
            android:layout_marginTop="10dp">

            <TextView
                android:layout_width="wrap_content"
                android:layout_height="wrap_content"
                android:text="地址:"
                android:textSize="20sp" />

            <TextView
                android:id="@+id/park_detail_text3"
                android:layout_width="wrap_content"
                android:layout_height="wrap_content"
                android:text="test"
                android:textSize="20sp" />
        </LinearLayout>

        <LinearLayout
            android:layout_width="match_parent"
            android:layout_height="wrap_content"
            android:layout_marginTop="10dp">

            <TextView
                android:layout_width="wrap_content"
                android:layout_height="wrap_content"
                android:text="收费费率:"
                android:textSize="20sp" />

            <TextView
                android:id="@+id/park_detail_text4"
                android:layout_width="wrap_content"
                android:layout_height="wrap_content"
                android:text="test"
                android:textSize="20sp" />
        </LinearLayout>

        <LinearLayout
            android:layout_width="match_parent"
            android:layout_height="wrap_content"
            android:layout_marginTop="10dp">

            <TextView
                android:layout_width="wrap_content"
                android:layout_height="wrap_content"
                android:text="距离:"
                android:textSize="20sp" />

            <TextView
                android:id="@+id/park_detail_text5"
                android:layout_width="wrap_content"
                android:layout_height="wrap_content"
                android:text="test"
                android:textSize="20sp" />
        </LinearLayout>

        <LinearLayout
            android:layout_width="match_parent"
            android:layout_height="wrap_content"
            android:layout_marginTop="10dp">

            <TextView
                android:layout_width="wrap_content"
                android:layout_height="wrap_content"
                android:text="是否对外开放:"
                android:textSize="20sp" />

            <TextView
                android:id="@+id/park_detail_text6"
                android:layout_width="wrap_content"
                android:layout_height="wrap_content"
                android:text="test"
                android:textSize="20sp" />
        </LinearLayout>
        <LinearLayout
            android:layout_width="match_parent"
            android:layout_height="wrap_content"
            android:layout_marginTop="10dp">

            <TextView
                android:layout_width="wrap_content"
                android:layout_height="wrap_content"
                android:text="封顶价格:"
                android:textSize="20sp" />

            <TextView
                android:id="@+id/park_detail_text7"
                android:layout_width="wrap_content"
                android:layout_height="wrap_content"
                android:text="test"
                android:textSize="20sp" />
        </LinearLayout>
        <LinearLayout
            android:layout_width="match_parent"
            android:layout_height="wrap_content"
            android:layout_marginTop="10dp">

            <TextView
                android:layout_width="wrap_content"
                android:layout_height="wrap_content"
                android:text="备注:"
                android:textSize="20sp" />

            <TextView
                android:id="@+id/park_detail_text8"
                android:layout_width="wrap_content"
                android:layout_height="wrap_content"
                android:text="test"
                android:textSize="20sp" />
        </LinearLayout>

    </LinearLayout>

</LinearLayout>